Epoch,Train Loss,Validation Loss,Train PSNR,Validation PSNR,Train Accuracy,Validation Accuracy
1,0.1559905417230963,0.10093279969261354,20.616141168014313,22.854741298721496,15.250262435973992,15.291618324187866
2,0.12261850409976222,0.09779450334159724,22.713801085329465,23.041734433461386,15.317778653275411,15.32713537101286
3,0.09309122994337873,0.08784776235739869,23.85053357461756,24.074242171322005,15.318291529095088,15.316409763657903
4,0.08838813068601341,0.08650669106338398,24.226902654469416,24.258938401003917,15.311662354191341,15.297461693545422
5,0.0874404485879901,0.08457046126924365,24.281018460114726,24.370627242398548,15.311248292907173,15.311879038523479
6,0.08604107147254109,0.08385306464799916,24.367554954922976,24.410936914007348,15.315209146830885,15.325932440700301
